{
  "tier_parallel": 48,
  "total": 480,
  "ok_count": 196,
  "error_count": 284,
  "timeout_count": 284,
  "error_rate_pct": 59.166666666666664,
  "timeout_rate_pct": 59.166666666666664
}
